Title,Price,Link
"Amazon Basics Slider Gallon Food Storage Bags, BPA Free, Stand-Up Bottom, Easy to Fill, 90 Count","3,680
.34",https://www.amazon.com/sspa/click?ie=UTF8&spc=MToyNjExNjgzNjMxNzkxMDg2OjE3NzYwNjQ5MjU6c3BfYXRmOjIwMDA1NzYxMjY0MzI5ODo6MDo6&url=%2FAmazon-Basics-Slider-Gallon-Storage%2Fdp%2FB093X5W8SQ%2Fref%3Dsr_1_1_ffob_sspa%3Fcrid%3DIALJED1336M8%26dib%3DeyJ2IjoiMSJ9.EnhuE1dLcyHQhHfeCGJ0W1slM7iXBH67sat1fLnAPGPeEHdwx1vsc058dIofeHmCRYpNcPpp6izAR0vCik5RxkvL2hBJU93sGZff5jQsinB_069iUE6Yb6kqdpJ6jLo5Z4BsP5R47yC5MvP3sskvCTfUd_Mq0rWJYKK5M_e6CdUvSRr3q_Yj8aRHgdXHtpawVdNfqempZiWPDstc_1PNO0tcyZL1ToY_EezObRQ3D3cUG_w-DIKFF2Toba7GKwTlryCjjl5YuxOjuSvhiPcMGQUxIUba4dNlUtIFQZyxatc.RjIanqdzXPQoVnTk6QD62dKiCXdJUgSqR5j9G-WnaNY%26dib_tag%3Dse%26keywords%3Dbags%26qid%3D1776064925%26sprefix%3Db%252Caps%252C915%26sr%3D8-1-spons%26sp_csd%3Dd2lkZ2V0TmFtZT1zcF9hdGY%26psc%3D1
"Mlyta 200 Pack 8x4.75x10 Inch Medium White Kraft Paper Gift Bags with Handles Bulk for Goodie, Party Favor, Brithday Grocery Shopping, Small Business Wedding Retail Craft Treat, Merchandise Sacks","13,111
.38",https://www.amazon.com/sspa/click?ie=UTF8&spc=MToyNjExNjgzNjMxNzkxMDg2OjE3NzYwNjQ5MjU6c3BfYXRmOjMwMTIxNjMxNzk0NjAwMjo6MDo6&url=%2FMlyta-8x4-75x10-Brithday-Shopping-Merchandise%2Fdp%2FB0G5DYF4ZG%2Fref%3Dsr_1_2_sspa%3Fcrid%3DIALJED1336M8%26dib%3DeyJ2IjoiMSJ9.EnhuE1dLcyHQhHfeCGJ0W1slM7iXBH67sat1fLnAPGPeEHdwx1vsc058dIofeHmCRYpNcPpp6izAR0vCik5RxkvL2hBJU93sGZff5jQsinB_069iUE6Yb6kqdpJ6jLo5Z4BsP5R47yC5MvP3sskvCTfUd_Mq0rWJYKK5M_e6CdUvSRr3q_Yj8aRHgdXHtpawVdNfqempZiWPDstc_1PNO0tcyZL1ToY_EezObRQ3D3cUG_w-DIKFF2Toba7GKwTlryCjjl5YuxOjuSvhiPcMGQUxIUba4dNlUtIFQZyxatc.RjIanqdzXPQoVnTk6QD62dKiCXdJUgSqR5j9G-WnaNY%26dib_tag%3Dse%26keywords%3Dbags%26qid%3D1776064925%26sprefix%3Db%252Caps%252C915%26sr%3D8-2-spons%26sp_csd%3Dd2lkZ2V0TmFtZT1zcF9hdGY%26psc%3D1
"FACEBAG 100Pcs Brown Paper Bags with Handles Bulk, 16x6x12 Inches,Large-sized Kraft Paper Shopping Bags&Gift Bags for Party Favors，Grocery Shopping & Retail，Reusable & Durable","9,790
.99",https://www.amazon.com/sspa/click?ie=UTF8&spc=MToyNjExNjgzNjMxNzkxMDg2OjE3NzYwNjQ5MjU6c3BfYXRmOjMwMDc1ODE5MzgxOTUwMjo6MDo6&url=%2FFACEBAG-Large-sized-Shopping-Favors%25EF%25BC%258CGrocery-Retail%25EF%25BC%258CReusable%2Fdp%2FB0DWYPZ2JY%2Fref%3Dsr_1_3_sspa%3Fcrid%3DIALJED1336M8%26dib%3DeyJ2IjoiMSJ9.EnhuE1dLcyHQhHfeCGJ0W1slM7iXBH67sat1fLnAPGPeEHdwx1vsc058dIofeHmCRYpNcPpp6izAR0vCik5RxkvL2hBJU93sGZff5jQsinB_069iUE6Yb6kqdpJ6jLo5Z4BsP5R47yC5MvP3sskvCTfUd_Mq0rWJYKK5M_e6CdUvSRr3q_Yj8aRHgdXHtpawVdNfqempZiWPDstc_1PNO0tcyZL1ToY_EezObRQ3D3cUG_w-DIKFF2Toba7GKwTlryCjjl5YuxOjuSvhiPcMGQUxIUba4dNlUtIFQZyxatc.RjIanqdzXPQoVnTk6QD62dKiCXdJUgSqR5j9G-WnaNY%26dib_tag%3Dse%26keywords%3Dbags%26qid%3D1776064925%26sprefix%3Db%252Caps%252C915%26sr%3D8-3-spons%26sp_csd%3Dd2lkZ2V0TmFtZT1zcF9hdGY%26psc%3D1
"Muetrolay 50Pcs 8x4.5x10 Inch White Gift Bags with Handles Bulk, Medium Kraft Paper Bags with Reinforced Bottom for Crafts, Grocery Shopping Retail, Birthday Party, Weddings, Merchandise","5,298
.68",https://www.amazon.com/sspa/click?ie=UTF8&spc=MToyNjExNjgzNjMxNzkxMDg2OjE3NzYwNjQ5MjU6c3BfYXRmOjMwMTE4OTc5NjQwNzQwMjo6MDo6&url=%2FMuetrolay-8x4-5x10-Reinforced-Shopping-Merchandise%2Fdp%2FB0GGHYGJ8C%2Fref%3Dsr_1_4_sspa%3Fcrid%3DIALJED1336M8%26dib%3DeyJ2IjoiMSJ9.EnhuE1dLcyHQhHfeCGJ0W1slM7iXBH67sat1fLnAPGPeEHdwx1vsc058dIofeHmCRYpNcPpp6izAR0vCik5RxkvL2hBJU93sGZff5jQsinB_069iUE6Yb6kqdpJ6jLo5Z4BsP5R47yC5MvP3sskvCTfUd_Mq0rWJYKK5M_e6CdUvSRr3q_Yj8aRHgdXHtpawVdNfqempZiWPDstc_1PNO0tcyZL1ToY_EezObRQ3D3cUG_w-DIKFF2Toba7GKwTlryCjjl5YuxOjuSvhiPcMGQUxIUba4dNlUtIFQZyxatc.RjIanqdzXPQoVnTk6QD62dKiCXdJUgSqR5j9G-WnaNY%26dib_tag%3Dse%26keywords%3Dbags%26qid%3D1776064925%26sprefix%3Db%252Caps%252C915%26sr%3D8-4-spons%26sp_csd%3Dd2lkZ2V0TmFtZT1zcF9hdGY%26psc%3D1
Reli. Plastic Bags Thank You (1050 Count) | White Grocery Bags with Handles | Shopping (Plastic),"9,484
.06",https://www.amazon.com/Reli-Thank-T-Shirt-Count-Plastic/dp/B0854J48FD/ref=sr_1_5?crid=IALJED1336M8&dib=eyJ2IjoiMSJ9.EnhuE1dLcyHQhHfeCGJ0W1slM7iXBH67sat1fLnAPGPeEHdwx1vsc058dIofeHmCRYpNcPpp6izAR0vCik5RxkvL2hBJU93sGZff5jQsinB_069iUE6Yb6kqdpJ6jLo5Z4BsP5R47yC5MvP3sskvCTfUd_Mq0rWJYKK5M_e6CdUvSRr3q_Yj8aRHgdXHtpawVdNfqempZiWPDstc_1PNO0tcyZL1ToY_EezObRQ3D3cUG_w-DIKFF2Toba7GKwTlryCjjl5YuxOjuSvhiPcMGQUxIUba4dNlUtIFQZyxatc.RjIanqdzXPQoVnTk6QD62dKiCXdJUgSqR5j9G-WnaNY&dib_tag=se&keywords=bags&qid=1776064925&sprefix=b%2Caps%2C915&sr=8-5
"Hefty Ultra Strong Tall Kitchen Trash Bags, Lavender & Sweet Vanilla Scent, 13 Gallon, 80 Count","3,339
.93",https://www.amazon.com/Hefty-Strong-Kitchen-Gallon-Garbage/dp/B01BZ0LXL8/ref=sr_1_6?crid=IALJED1336M8&dib=eyJ2IjoiMSJ9.EnhuE1dLcyHQhHfeCGJ0W1slM7iXBH67sat1fLnAPGPeEHdwx1vsc058dIofeHmCRYpNcPpp6izAR0vCik5RxkvL2hBJU93sGZff5jQsinB_069iUE6Yb6kqdpJ6jLo5Z4BsP5R47yC5MvP3sskvCTfUd_Mq0rWJYKK5M_e6CdUvSRr3q_Yj8aRHgdXHtpawVdNfqempZiWPDstc_1PNO0tcyZL1ToY_EezObRQ3D3cUG_w-DIKFF2Toba7GKwTlryCjjl5YuxOjuSvhiPcMGQUxIUba4dNlUtIFQZyxatc.RjIanqdzXPQoVnTk6QD62dKiCXdJUgSqR5j9G-WnaNY&dib_tag=se&keywords=bags&qid=1776064925&sprefix=b%2Caps%2C915&sr=8-6
"Reli. Thank You Plastic Bags (350 Count) (11.5"" x 6.5"" x 21"") (White) - Grocery, Shopping Bag, Restaurants, Convenience Store","5,577
.71",https://www.amazon.com/Reli-Thank-T-Shirt-Count-Plastic/dp/B07QQF9XP7/ref=sr_1_7?crid=IALJED1336M8&dib=eyJ2IjoiMSJ9.EnhuE1dLcyHQhHfeCGJ0W1slM7iXBH67sat1fLnAPGPeEHdwx1vsc058dIofeHmCRYpNcPpp6izAR0vCik5RxkvL2hBJU93sGZff5jQsinB_069iUE6Yb6kqdpJ6jLo5Z4BsP5R47yC5MvP3sskvCTfUd_Mq0rWJYKK5M_e6CdUvSRr3q_Yj8aRHgdXHtpawVdNfqempZiWPDstc_1PNO0tcyZL1ToY_EezObRQ3D3cUG_w-DIKFF2Toba7GKwTlryCjjl5YuxOjuSvhiPcMGQUxIUba4dNlUtIFQZyxatc.RjIanqdzXPQoVnTk6QD62dKiCXdJUgSqR5j9G-WnaNY&dib_tag=se&keywords=bags&qid=1776064925&sprefix=b%2Caps%2C915&sr=8-7
"vanhel 100 Pack Brown Paper Bags with Handles,8x4.25x10.5 Inches,Gift Bags Medium Size,Gifts Bag Bulk for Festival,Birthday,Favor,Party,Shopping,Retail Merchandise.","5,270
.78",https://www.amazon.com/vanhel-Handles-8x4-25x10-5-Birthday-Merchandise/dp/B0CLCWYZJP/ref=sr_1_8?crid=IALJED1336M8&dib=eyJ2IjoiMSJ9.EnhuE1dLcyHQhHfeCGJ0W1slM7iXBH67sat1fLnAPGPeEHdwx1vsc058dIofeHmCRYpNcPpp6izAR0vCik5RxkvL2hBJU93sGZff5jQsinB_069iUE6Yb6kqdpJ6jLo5Z4BsP5R47yC5MvP3sskvCTfUd_Mq0rWJYKK5M_e6CdUvSRr3q_Yj8aRHgdXHtpawVdNfqempZiWPDstc_1PNO0tcyZL1ToY_EezObRQ3D3cUG_w-DIKFF2Toba7GKwTlryCjjl5YuxOjuSvhiPcMGQUxIUba4dNlUtIFQZyxatc.RjIanqdzXPQoVnTk6QD62dKiCXdJUgSqR5j9G-WnaNY&dib_tag=se&keywords=bags&qid=1776064925&sprefix=b%2Caps%2C915&sr=8-8
"TICONN 6 Pack Extra Large Moving Bags Heavy Duty with Zippers & Carrying Handles, Durable Storage Bags Moving Boxes for Closet Organizers and Storage (6 Pack, Blue)","7,530
.88",https://www.amazon.com/TICONN-Zippers-Carrying-Handles-Heavy-Duty/dp/B086WNKLTM/ref=sr_1_9?crid=IALJED1336M8&dib=eyJ2IjoiMSJ9.EnhuE1dLcyHQhHfeCGJ0W1slM7iXBH67sat1fLnAPGPeEHdwx1vsc058dIofeHmCRYpNcPpp6izAR0vCik5RxkvL2hBJU93sGZff5jQsinB_069iUE6Yb6kqdpJ6jLo5Z4BsP5R47yC5MvP3sskvCTfUd_Mq0rWJYKK5M_e6CdUvSRr3q_Yj8aRHgdXHtpawVdNfqempZiWPDstc_1PNO0tcyZL1ToY_EezObRQ3D3cUG_w-DIKFF2Toba7GKwTlryCjjl5YuxOjuSvhiPcMGQUxIUba4dNlUtIFQZyxatc.RjIanqdzXPQoVnTk6QD62dKiCXdJUgSqR5j9G-WnaNY&dib_tag=se&keywords=bags&qid=1776064925&sprefix=b%2Caps%2C915&sr=8-9
"YEEHAW Brown Paper Bags with Handles Bulk 8""x4.5""x10.8"" 100Pcs Gift Kraft Bags Medium Size, Brown Craft with Handles, Gifts Bag Bulk for Retail, Party, Shopping, Valentines","6,411
.99",https://www.amazon.com/YEEHAW-Handles-100Pcs-Shopping-Merchandise/dp/B0CR91QKQM/ref=sr_1_10?crid=IALJED1336M8&dib=eyJ2IjoiMSJ9.EnhuE1dLcyHQhHfeCGJ0W1slM7iXBH67sat1fLnAPGPeEHdwx1vsc058dIofeHmCRYpNcPpp6izAR0vCik5RxkvL2hBJU93sGZff5jQsinB_069iUE6Yb6kqdpJ6jLo5Z4BsP5R47yC5MvP3sskvCTfUd_Mq0rWJYKK5M_e6CdUvSRr3q_Yj8aRHgdXHtpawVdNfqempZiWPDstc_1PNO0tcyZL1ToY_EezObRQ3D3cUG_w-DIKFF2Toba7GKwTlryCjjl5YuxOjuSvhiPcMGQUxIUba4dNlUtIFQZyxatc.RjIanqdzXPQoVnTk6QD62dKiCXdJUgSqR5j9G-WnaNY&dib_tag=se&keywords=bags&qid=1776064925&sprefix=b%2Caps%2C915&sr=8-10
Amazon Essentials-duffel bag lightweighted 20 inches black,"6,777
.52",https://www.amazon.com/sspa/click?ie=UTF8&spc=MToyNjExNjgzNjMxNzkxMDg2OjE3NzYwNjQ5MjU6c3BfbXRmOjMwMDk4NjA2NDEwNTEwMjo6MDo6&url=%2FAmazon-Essentials-duffel-lightweighted-inches-black%2Fdp%2FB0DRNP5K7H%2Fref%3Dsr_1_11_ffob_sspa%3Fcrid%3DIALJED1336M8%26dib%3DeyJ2IjoiMSJ9.EnhuE1dLcyHQhHfeCGJ0W1slM7iXBH67sat1fLnAPGPeEHdwx1vsc058dIofeHmCRYpNcPpp6izAR0vCik5RxkvL2hBJU93sGZff5jQsinB_069iUE6Yb6kqdpJ6jLo5Z4BsP5R47yC5MvP3sskvCTfUd_Mq0rWJYKK5M_e6CdUvSRr3q_Yj8aRHgdXHtpawVdNfqempZiWPDstc_1PNO0tcyZL1ToY_EezObRQ3D3cUG_w-DIKFF2Toba7GKwTlryCjjl5YuxOjuSvhiPcMGQUxIUba4dNlUtIFQZyxatc.RjIanqdzXPQoVnTk6QD62dKiCXdJUgSqR5j9G-WnaNY%26dib_tag%3Dse%26keywords%3Dbags%26qid%3D1776064925%26sprefix%3Db%252Caps%252C915%26sr%3D8-11-spons%26sp_csd%3Dd2lkZ2V0TmFtZT1zcF9tdGY%26psc%3D1
"ysmile 12 Pack Medium Size Graduation Gift Bag with Tissue Paper Bulk 9.8"" Non Woven Gifts Bag Reusable","3,624
.53",https://www.amazon.com/sspa/click?ie=UTF8&spc=MToyNjExNjgzNjMxNzkxMDg2OjE3NzYwNjQ5MjU6c3BfbXRmOjMwMTE4OTUyNjM3NjAwMjo6MDo6&url=%2Fysmile-Medium-Graduation-Tissue-Reusable%2Fdp%2FB0GKFGBQ8Q%2Fref%3Dsr_1_12_sspa%3Fcrid%3DIALJED1336M8%26dib%3DeyJ2IjoiMSJ9.EnhuE1dLcyHQhHfeCGJ0W1slM7iXBH67sat1fLnAPGPeEHdwx1vsc058dIofeHmCRYpNcPpp6izAR0vCik5RxkvL2hBJU93sGZff5jQsinB_069iUE6Yb6kqdpJ6jLo5Z4BsP5R47yC5MvP3sskvCTfUd_Mq0rWJYKK5M_e6CdUvSRr3q_Yj8aRHgdXHtpawVdNfqempZiWPDstc_1PNO0tcyZL1ToY_EezObRQ3D3cUG_w-DIKFF2Toba7GKwTlryCjjl5YuxOjuSvhiPcMGQUxIUba4dNlUtIFQZyxatc.RjIanqdzXPQoVnTk6QD62dKiCXdJUgSqR5j9G-WnaNY%26dib_tag%3Dse%26keywords%3Dbags%26qid%3D1776064925%26sprefix%3Db%252Caps%252C915%26sr%3D8-12-spons%26sp_csd%3Dd2lkZ2V0TmFtZT1zcF9tdGY%26psc%3D1
"Sowaovut Travel Laptop Backpack, Extra Large High School College Backpacks, Flight Approved Daypack Business Bag Fit 17.3 inch Laptop for Men Women (Black)","6,972
.83",https://www.amazon.com/sspa/click?ie=UTF8&spc=MToyNjExNjgzNjMxNzkxMDg2OjE3NzYwNjQ5MjU6c3BfbXRmOjMwMDQ4MTQ5MTAwMDYwMjo6MDo6&url=%2FSowaovut-Backpack-Backpacks-Approved-Business%2Fdp%2FB0DCWCDRTS%2Fref%3Dsr_1_13_sspa%3Fcrid%3DIALJED1336M8%26dib%3DeyJ2IjoiMSJ9.EnhuE1dLcyHQhHfeCGJ0W1slM7iXBH67sat1fLnAPGPeEHdwx1vsc058dIofeHmCRYpNcPpp6izAR0vCik5RxkvL2hBJU93sGZff5jQsinB_069iUE6Yb6kqdpJ6jLo5Z4BsP5R47yC5MvP3sskvCTfUd_Mq0rWJYKK5M_e6CdUvSRr3q_Yj8aRHgdXHtpawVdNfqempZiWPDstc_1PNO0tcyZL1ToY_EezObRQ3D3cUG_w-DIKFF2Toba7GKwTlryCjjl5YuxOjuSvhiPcMGQUxIUba4dNlUtIFQZyxatc.RjIanqdzXPQoVnTk6QD62dKiCXdJUgSqR5j9G-WnaNY%26dib_tag%3Dse%26keywords%3Dbags%26qid%3D1776064925%26sprefix%3Db%252Caps%252C915%26sr%3D8-13-spons%26sp_csd%3Dd2lkZ2V0TmFtZT1zcF9tdGY%26psc%3D1
"Biotakeware 14 Pack LOVE White Gift Bags with Handles, 13"" Medium Non-Crease Paper Bags, Includes 28 Tissue Paper, 14 Greeting Cards & Tags, Perfect for Wedding, Birthday, Anniversary","5,577
.71",https://www.amazon.com/sspa/click?ie=UTF8&spc=MToyNjExNjgzNjMxNzkxMDg2OjE3NzYwNjQ5MjU6c3BfbXRmOjMwMTIxOTk1MTAwOTUwMjo6MDo6&url=%2FBiotakeware-Non-Crease-Greeting-Birthday-Anniversary%2Fdp%2FB0GHYC91SM%2Fref%3Dsr_1_14_sspa%3Fcrid%3DIALJED1336M8%26dib%3DeyJ2IjoiMSJ9.EnhuE1dLcyHQhHfeCGJ0W1slM7iXBH67sat1fLnAPGPeEHdwx1vsc058dIofeHmCRYpNcPpp6izAR0vCik5RxkvL2hBJU93sGZff5jQsinB_069iUE6Yb6kqdpJ6jLo5Z4BsP5R47yC5MvP3sskvCTfUd_Mq0rWJYKK5M_e6CdUvSRr3q_Yj8aRHgdXHtpawVdNfqempZiWPDstc_1PNO0tcyZL1ToY_EezObRQ3D3cUG_w-DIKFF2Toba7GKwTlryCjjl5YuxOjuSvhiPcMGQUxIUba4dNlUtIFQZyxatc.RjIanqdzXPQoVnTk6QD62dKiCXdJUgSqR5j9G-WnaNY%26dib_tag%3Dse%26keywords%3Dbags%26qid%3D1776064925%26sprefix%3Db%252Caps%252C915%26sr%3D8-14-spons%26sp_csd%3Dd2lkZ2V0TmFtZT1zcF9tdGY%26psc%3D1
"Glad Tall Kitchen Drawstring Trash Bags - Odorshield 13 Gallon White Trash Bag, Febreze Fresh Clean, 110 Count","5,270
.78",https://www.amazon.com/OdorShield-Kitchen-Drawstring-Fresh-Gallon/dp/B07T9MBNTT/ref=sr_1_15?crid=IALJED1336M8&dib=eyJ2IjoiMSJ9.EnhuE1dLcyHQhHfeCGJ0W1slM7iXBH67sat1fLnAPGPeEHdwx1vsc058dIofeHmCRYpNcPpp6izAR0vCik5RxkvL2hBJU93sGZff5jQsinB_069iUE6Yb6kqdpJ6jLo5Z4BsP5R47yC5MvP3sskvCTfUd_Mq0rWJYKK5M_e6CdUvSRr3q_Yj8aRHgdXHtpawVdNfqempZiWPDstc_1PNO0tcyZL1ToY_EezObRQ3D3cUG_w-DIKFF2Toba7GKwTlryCjjl5YuxOjuSvhiPcMGQUxIUba4dNlUtIFQZyxatc.RjIanqdzXPQoVnTk6QD62dKiCXdJUgSqR5j9G-WnaNY&dib_tag=se&keywords=bags&qid=1776064925&sprefix=b%2Caps%2C915&sr=8-15
"LOVEVOOK Laptop Tote Bag for Women,Leather Work Bag, Waterproof Business Teacher Bag,Large Computer Handbag Purse Briefcase,Office Gifts for Women","11,130
.31",https://www.amazon.com/LOVEVOOK-Waterproof-Business-Computer-Briefcase/dp/B0F2TF9X6F/ref=sr_1_16?crid=IALJED1336M8&dib=eyJ2IjoiMSJ9.EnhuE1dLcyHQhHfeCGJ0W1slM7iXBH67sat1fLnAPGPeEHdwx1vsc058dIofeHmCRYpNcPpp6izAR0vCik5RxkvL2hBJU93sGZff5jQsinB_069iUE6Yb6kqdpJ6jLo5Z4BsP5R47yC5MvP3sskvCTfUd_Mq0rWJYKK5M_e6CdUvSRr3q_Yj8aRHgdXHtpawVdNfqempZiWPDstc_1PNO0tcyZL1ToY_EezObRQ3D3cUG_w-DIKFF2Toba7GKwTlryCjjl5YuxOjuSvhiPcMGQUxIUba4dNlUtIFQZyxatc.RjIanqdzXPQoVnTk6QD62dKiCXdJUgSqR5j9G-WnaNY&dib_tag=se&keywords=bags&qid=1776064925&sprefix=b%2Caps%2C915&sr=8-16
"Reli. Paper Grocery Bags w/Handles (100 Pcs, Bulk)(12""x7""x14"") Large Paper Grocery Bags with Handles - Heavy Duty 57 Lbs Basis - Shopping, Takeout/To Go, Retail (Brown/Kraft)","11,018
.70",https://www.amazon.com/Reli-Paper-Grocery-Handles-Shopping/dp/B087Y269V2/ref=sr_1_17?crid=IALJED1336M8&dib=eyJ2IjoiMSJ9.EnhuE1dLcyHQhHfeCGJ0W1slM7iXBH67sat1fLnAPGPeEHdwx1vsc058dIofeHmCRYpNcPpp6izAR0vCik5RxkvL2hBJU93sGZff5jQsinB_069iUE6Yb6kqdpJ6jLo5Z4BsP5R47yC5MvP3sskvCTfUd_Mq0rWJYKK5M_e6CdUvSRr3q_Yj8aRHgdXHtpawVdNfqempZiWPDstc_1PNO0tcyZL1ToY_EezObRQ3D3cUG_w-DIKFF2Toba7GKwTlryCjjl5YuxOjuSvhiPcMGQUxIUba4dNlUtIFQZyxatc.RjIanqdzXPQoVnTk6QD62dKiCXdJUgSqR5j9G-WnaNY&dib_tag=se&keywords=bags&qid=1776064925&sprefix=b%2Caps%2C915&sr=8-17
"Amazon Basics Resealable Double Zipper Sandwich Storage Bags for Food Storage, 300 Count (Previously Solimo)","2,128
.96",https://www.amazon.com/Amazon-Basics-Sandwich-Storage-Previously/dp/B095PQ6SX7/ref=sr_1_18?crid=IALJED1336M8&dib=eyJ2IjoiMSJ9.EnhuE1dLcyHQhHfeCGJ0W1slM7iXBH67sat1fLnAPGPeEHdwx1vsc058dIofeHmCRYpNcPpp6izAR0vCik5RxkvL2hBJU93sGZff5jQsinB_069iUE6Yb6kqdpJ6jLo5Z4BsP5R47yC5MvP3sskvCTfUd_Mq0rWJYKK5M_e6CdUvSRr3q_Yj8aRHgdXHtpawVdNfqempZiWPDstc_1PNO0tcyZL1ToY_EezObRQ3D3cUG_w-DIKFF2Toba7GKwTlryCjjl5YuxOjuSvhiPcMGQUxIUba4dNlUtIFQZyxatc.RjIanqdzXPQoVnTk6QD62dKiCXdJUgSqR5j9G-WnaNY&dib_tag=se&keywords=bags&qid=1776064925&sprefix=b%2Caps%2C915&sr=8-18
"Extra Large Heavy Duty Moving Bags - Waterproof Storage Totes with Backpack Straps & Zippers, Foldable Packing Cubes for College Dorm, Travel & Space Saving (6 Pack, Blue)","6,693
.81",https://www.amazon.com/sspa/click?ie=UTF8&spc=MToyNjExNjgzNjMxNzkxMDg2OjE3NzYwNjQ5MjU6c3BfbXRmOjMwMTA1MTY0ODEzNDQwMjo6MDo6&url=%2FReinforced-Handles-Moisture-Resistant-Storage-Organization%2Fdp%2FB0F92JPR7C%2Fref%3Dsr_1_19_sspa%3Fcrid%3DIALJED1336M8%26dib%3DeyJ2IjoiMSJ9.EnhuE1dLcyHQhHfeCGJ0W1slM7iXBH67sat1fLnAPGPeEHdwx1vsc058dIofeHmCRYpNcPpp6izAR0vCik5RxkvL2hBJU93sGZff5jQsinB_069iUE6Yb6kqdpJ6jLo5Z4BsP5R47yC5MvP3sskvCTfUd_Mq0rWJYKK5M_e6CdUvSRr3q_Yj8aRHgdXHtpawVdNfqempZiWPDstc_1PNO0tcyZL1ToY_EezObRQ3D3cUG_w-DIKFF2Toba7GKwTlryCjjl5YuxOjuSvhiPcMGQUxIUba4dNlUtIFQZyxatc.RjIanqdzXPQoVnTk6QD62dKiCXdJUgSqR5j9G-WnaNY%26dib_tag%3Dse%26keywords%3Dbags%26qid%3D1776064925%26sprefix%3Db%252Caps%252C915%26sr%3D8-19-spons%26sp_csd%3Dd2lkZ2V0TmFtZT1zcF9tdGY%26psc%3D1
"Funfery 100 pcs Black Mylar Holographic Resealable Bags,Clear Packaging Bag Odor Proof Foil Pouch Bag for Food Storage, Lipgloss, Jewelry, Eyelash Packaging for Small Business - 3x4.7 Inch | zipper lock, smell proof, holographic","2,006
.19",https://www.amazon.com/sspa/click?ie=UTF8&spc=MToyNjExNjgzNjMxNzkxMDg2OjE3NzYwNjQ5MjU6c3BfbXRmOjMwMTE2MTk2MzUwMDQwMjo6MDo6&url=%2FHolographic-Packaging-Resealable-Ziplock-Lipgloss%2Fdp%2FB095WKDVH4%2Fref%3Dsr_1_20_sspa%3Fcrid%3DIALJED1336M8%26dib%3DeyJ2IjoiMSJ9.EnhuE1dLcyHQhHfeCGJ0W1slM7iXBH67sat1fLnAPGPeEHdwx1vsc058dIofeHmCRYpNcPpp6izAR0vCik5RxkvL2hBJU93sGZff5jQsinB_069iUE6Yb6kqdpJ6jLo5Z4BsP5R47yC5MvP3sskvCTfUd_Mq0rWJYKK5M_e6CdUvSRr3q_Yj8aRHgdXHtpawVdNfqempZiWPDstc_1PNO0tcyZL1ToY_EezObRQ3D3cUG_w-DIKFF2Toba7GKwTlryCjjl5YuxOjuSvhiPcMGQUxIUba4dNlUtIFQZyxatc.RjIanqdzXPQoVnTk6QD62dKiCXdJUgSqR5j9G-WnaNY%26dib_tag%3Dse%26keywords%3Dbags%26qid%3D1776064925%26sprefix%3Db%252Caps%252C915%26sr%3D8-20-spons%26sp_csd%3Dd2lkZ2V0TmFtZT1zcF9tdGY%26psc%3D1
"FUNFERY 100 Pcs White Organza Bags 3x4 in, Small Mesh Drawstring Gift Bags for Sachet, Jewelry, Wedding Favor, Candy Goodie Treat Bag,Easter Day","1,679
.73",https://www.amazon.com/sspa/click?ie=UTF8&spc=MToyNjExNjgzNjMxNzkxMDg2OjE3NzYwNjQ5MjU6c3BfbXRmOjMwMTE3MTg5Nzg4ODkwMjo6MDo6&url=%2FFunfery-Organza-Drawstring-Bracelet-Halloween%2Fdp%2FB0D41TC3TD%2Fref%3Dsr_1_21_sspa%3Fcrid%3DIALJED1336M8%26dib%3DeyJ2IjoiMSJ9.EnhuE1dLcyHQhHfeCGJ0W1slM7iXBH67sat1fLnAPGPeEHdwx1vsc058dIofeHmCRYpNcPpp6izAR0vCik5RxkvL2hBJU93sGZff5jQsinB_069iUE6Yb6kqdpJ6jLo5Z4BsP5R47yC5MvP3sskvCTfUd_Mq0rWJYKK5M_e6CdUvSRr3q_Yj8aRHgdXHtpawVdNfqempZiWPDstc_1PNO0tcyZL1ToY_EezObRQ3D3cUG_w-DIKFF2Toba7GKwTlryCjjl5YuxOjuSvhiPcMGQUxIUba4dNlUtIFQZyxatc.RjIanqdzXPQoVnTk6QD62dKiCXdJUgSqR5j9G-WnaNY%26dib_tag%3Dse%26keywords%3Dbags%26qid%3D1776064925%26sprefix%3Db%252Caps%252C915%26sr%3D8-21-spons%26sp_csd%3Dd2lkZ2V0TmFtZT1zcF9tdGY%26psc%3D1
BagDream 100 Pack 3.5x2.4x6.7 Inches Mini Gift Party Favor Bags Small Brown Gift Bags with Handles Bulk Recyclable Kraft Paper Sacks,"6,135
.76",https://www.amazon.com/sspa/click?ie=UTF8&spc=MToyNjExNjgzNjMxNzkxMDg2OjE3NzYwNjQ5MjU6c3BfbXRmOjIwMDE2MzYyOTA2NDk5ODo6MDo6&url=%2FBagDream-3-5x2-4x6-7-Inches-Handles-Recyclable%2Fdp%2FB0BW98NVVS%2Fref%3Dsr_1_22_sspa%3Fcrid%3DIALJED1336M8%26dib%3DeyJ2IjoiMSJ9.EnhuE1dLcyHQhHfeCGJ0W1slM7iXBH67sat1fLnAPGPeEHdwx1vsc058dIofeHmCRYpNcPpp6izAR0vCik5RxkvL2hBJU93sGZff5jQsinB_069iUE6Yb6kqdpJ6jLo5Z4BsP5R47yC5MvP3sskvCTfUd_Mq0rWJYKK5M_e6CdUvSRr3q_Yj8aRHgdXHtpawVdNfqempZiWPDstc_1PNO0tcyZL1ToY_EezObRQ3D3cUG_w-DIKFF2Toba7GKwTlryCjjl5YuxOjuSvhiPcMGQUxIUba4dNlUtIFQZyxatc.RjIanqdzXPQoVnTk6QD62dKiCXdJUgSqR5j9G-WnaNY%26dib_tag%3Dse%26keywords%3Dbags%26qid%3D1776064925%26sprefix%3Db%252Caps%252C915%26sr%3D8-22-spons%26sp_csd%3Dd2lkZ2V0TmFtZT1zcF9tdGY%26psc%3D1
"Amazon Basics Flextra Tall Kitchen Drawstring Trash Bags, 13 Gallon, 120 Count","4,483
.93",https://www.amazon.com/Amazon-Basics-Flextra-Kitchen-Drawstring/dp/B092VPGJB9/ref=sr_1_23?crid=IALJED1336M8&dib=eyJ2IjoiMSJ9.EnhuE1dLcyHQhHfeCGJ0W1slM7iXBH67sat1fLnAPGPeEHdwx1vsc058dIofeHmCRYpNcPpp6izAR0vCik5RxkvL2hBJU93sGZff5jQsinB_069iUE6Yb6kqdpJ6jLo5Z4BsP5R47yC5MvP3sskvCTfUd_Mq0rWJYKK5M_e6CdUvSRr3q_Yj8aRHgdXHtpawVdNfqempZiWPDstc_1PNO0tcyZL1ToY_EezObRQ3D3cUG_w-DIKFF2Toba7GKwTlryCjjl5YuxOjuSvhiPcMGQUxIUba4dNlUtIFQZyxatc.RjIanqdzXPQoVnTk6QD62dKiCXdJUgSqR5j9G-WnaNY&dib_tag=se&keywords=bags&qid=1776064925&sprefix=b%2Caps%2C915&sr=8-23
"Amazon Basics Scented Trash Bags, Tall Kitchen Drawstring, Clean Fresh Scent, 13 Gallon, 200 Count, Pack of 1","7,784
.80",https://www.amazon.com/Amazon-Basics-Kitchen-Drawstring-Gallon/dp/B09CD6QTPH/ref=sr_1_24?crid=IALJED1336M8&dib=eyJ2IjoiMSJ9.EnhuE1dLcyHQhHfeCGJ0W1slM7iXBH67sat1fLnAPGPeEHdwx1vsc058dIofeHmCRYpNcPpp6izAR0vCik5RxkvL2hBJU93sGZff5jQsinB_069iUE6Yb6kqdpJ6jLo5Z4BsP5R47yC5MvP3sskvCTfUd_Mq0rWJYKK5M_e6CdUvSRr3q_Yj8aRHgdXHtpawVdNfqempZiWPDstc_1PNO0tcyZL1ToY_EezObRQ3D3cUG_w-DIKFF2Toba7GKwTlryCjjl5YuxOjuSvhiPcMGQUxIUba4dNlUtIFQZyxatc.RjIanqdzXPQoVnTk6QD62dKiCXdJUgSqR5j9G-WnaNY&dib_tag=se&keywords=bags&qid=1776064925&sprefix=b%2Caps%2C915&sr=8-24
"Amazon Basics Multipurpose Drawstring Trash Bags, 30 Gallon Capacity, Tear Resistant, 50 Count (Previously Solimo)","3,272
.96",https://www.amazon.com/Amazon-Basics-Multipurpose-Drawstring-Previously/dp/B095PL2MPZ/ref=sr_1_25?crid=IALJED1336M8&dib=eyJ2IjoiMSJ9.EnhuE1dLcyHQhHfeCGJ0W1slM7iXBH67sat1fLnAPGPeEHdwx1vsc058dIofeHmCRYpNcPpp6izAR0vCik5RxkvL2hBJU93sGZff5jQsinB_069iUE6Yb6kqdpJ6jLo5Z4BsP5R47yC5MvP3sskvCTfUd_Mq0rWJYKK5M_e6CdUvSRr3q_Yj8aRHgdXHtpawVdNfqempZiWPDstc_1PNO0tcyZL1ToY_EezObRQ3D3cUG_w-DIKFF2Toba7GKwTlryCjjl5YuxOjuSvhiPcMGQUxIUba4dNlUtIFQZyxatc.RjIanqdzXPQoVnTk6QD62dKiCXdJUgSqR5j9G-WnaNY&dib_tag=se&keywords=bags&qid=1776064925&sprefix=b%2Caps%2C915&sr=8-25
"BAGSMART Tote Bag for Women, Lightweight Puffy Tote Bag with Compartments Shoulder Bag Handbag for Travel, Work, Gym | Lightweight, Puffy, Quilted, for Travel, Work","9,205
.03",https://www.amazon.com/BAGSMART-Lightweight-Compartments-Shoulder-Handbag/dp/B0CS2R1S1B/ref=sr_1_26?crid=IALJED1336M8&dib=eyJ2IjoiMSJ9.EnhuE1dLcyHQhHfeCGJ0W1slM7iXBH67sat1fLnAPGPeEHdwx1vsc058dIofeHmCRYpNcPpp6izAR0vCik5RxkvL2hBJU93sGZff5jQsinB_069iUE6Yb6kqdpJ6jLo5Z4BsP5R47yC5MvP3sskvCTfUd_Mq0rWJYKK5M_e6CdUvSRr3q_Yj8aRHgdXHtpawVdNfqempZiWPDstc_1PNO0tcyZL1ToY_EezObRQ3D3cUG_w-DIKFF2Toba7GKwTlryCjjl5YuxOjuSvhiPcMGQUxIUba4dNlUtIFQZyxatc.RjIanqdzXPQoVnTk6QD62dKiCXdJUgSqR5j9G-WnaNY&dib_tag=se&keywords=bags&qid=1776064925&sprefix=b%2Caps%2C915&sr=8-26
"Reli. Reusable Thank You Bags | 250 Pack, 2 Mil | Brown/Kraft Shopping Bags Plastic | 12"" L x 6.75"" W x 14"" H | Ideal for Groceries, Retail, Food Take Out/To Go, Small Business","13,808
.95",https://www.amazon.com/Reli-Reusable-Shopping-Handles-Self-Standing/dp/B08SVMGJM4/ref=sr_1_27?crid=IALJED1336M8&dib=eyJ2IjoiMSJ9.EnhuE1dLcyHQhHfeCGJ0W1slM7iXBH67sat1fLnAPGPeEHdwx1vsc058dIofeHmCRYpNcPpp6izAR0vCik5RxkvL2hBJU93sGZff5jQsinB_069iUE6Yb6kqdpJ6jLo5Z4BsP5R47yC5MvP3sskvCTfUd_Mq0rWJYKK5M_e6CdUvSRr3q_Yj8aRHgdXHtpawVdNfqempZiWPDstc_1PNO0tcyZL1ToY_EezObRQ3D3cUG_w-DIKFF2Toba7GKwTlryCjjl5YuxOjuSvhiPcMGQUxIUba4dNlUtIFQZyxatc.RjIanqdzXPQoVnTk6QD62dKiCXdJUgSqR5j9G-WnaNY&dib_tag=se&keywords=bags&qid=1776064925&sprefix=b%2Caps%2C915&sr=8-27
"Ubbi Disposable Diaper Sacks, Lavender Scented, Easy-To-Tie Tabs, Diaper Disposal or Pet Waste Bags, 200 Count","2,229
.41",https://www.amazon.com/Ubbi-Disposable-Lavender-Recycled-Material/dp/B07K2TKK26/ref=sr_1_28?crid=IALJED1336M8&dib=eyJ2IjoiMSJ9.EnhuE1dLcyHQhHfeCGJ0W1slM7iXBH67sat1fLnAPGPeEHdwx1vsc058dIofeHmCRYpNcPpp6izAR0vCik5RxkvL2hBJU93sGZff5jQsinB_069iUE6Yb6kqdpJ6jLo5Z4BsP5R47yC5MvP3sskvCTfUd_Mq0rWJYKK5M_e6CdUvSRr3q_Yj8aRHgdXHtpawVdNfqempZiWPDstc_1PNO0tcyZL1ToY_EezObRQ3D3cUG_w-DIKFF2Toba7GKwTlryCjjl5YuxOjuSvhiPcMGQUxIUba4dNlUtIFQZyxatc.RjIanqdzXPQoVnTk6QD62dKiCXdJUgSqR5j9G-WnaNY&dib_tag=se&keywords=bags&qid=1776064925&sprefix=b%2Caps%2C915&sr=8-28
"Plastic Party Favor Small Gift Bags, 100 PCS 6"" x 8"" Goodie Bags for Kids, Candy Treat Pouches Bulk with Handle for Kids' Birthday Party, Thanksgiving, Christmas, Halloween, 10 Colors","1,947
.59",https://www.amazon.com/VieFantaisie-Assorted-Birthday-Christmas-Halloween/dp/B08YP166KW/ref=sr_1_29?crid=IALJED1336M8&dib=eyJ2IjoiMSJ9.EnhuE1dLcyHQhHfeCGJ0W1slM7iXBH67sat1fLnAPGPeEHdwx1vsc058dIofeHmCRYpNcPpp6izAR0vCik5RxkvL2hBJU93sGZff5jQsinB_069iUE6Yb6kqdpJ6jLo5Z4BsP5R47yC5MvP3sskvCTfUd_Mq0rWJYKK5M_e6CdUvSRr3q_Yj8aRHgdXHtpawVdNfqempZiWPDstc_1PNO0tcyZL1ToY_EezObRQ3D3cUG_w-DIKFF2Toba7GKwTlryCjjl5YuxOjuSvhiPcMGQUxIUba4dNlUtIFQZyxatc.RjIanqdzXPQoVnTk6QD62dKiCXdJUgSqR5j9G-WnaNY&dib_tag=se&keywords=bags&qid=1776064925&sprefix=b%2Caps%2C915&sr=8-29
"Amazon Basics Dog Poop Leak Proof Bags with Dispenser and Leash Clip, Unscented, 13"" x 9"", 900 Count (60 Rolls)","5,114
.53",https://www.amazon.com/AmazonBasics-Waste-Bags-Dispenser-Leash/dp/B00NABTGY2/ref=sr_1_30?crid=IALJED1336M8&dib=eyJ2IjoiMSJ9.EnhuE1dLcyHQhHfeCGJ0W1slM7iXBH67sat1fLnAPGPeEHdwx1vsc058dIofeHmCRYpNcPpp6izAR0vCik5RxkvL2hBJU93sGZff5jQsinB_069iUE6Yb6kqdpJ6jLo5Z4BsP5R47yC5MvP3sskvCTfUd_Mq0rWJYKK5M_e6CdUvSRr3q_Yj8aRHgdXHtpawVdNfqempZiWPDstc_1PNO0tcyZL1ToY_EezObRQ3D3cUG_w-DIKFF2Toba7GKwTlryCjjl5YuxOjuSvhiPcMGQUxIUba4dNlUtIFQZyxatc.RjIanqdzXPQoVnTk6QD62dKiCXdJUgSqR5j9G-WnaNY&dib_tag=se&keywords=bags&qid=1776064925&sprefix=b%2Caps%2C915&sr=8-30
"Reli. T-shirt Bags (300 Count) (Black) (11.5"" x 6.5"" x 21"") - Black Plastic Bags (Plain) - Grocery, Shopping, Restaurants","5,577
.71",https://www.amazon.com/Reli-T-shirt-Bags-Count-11-5/dp/B07QN8H9TD/ref=sr_1_31?crid=IALJED1336M8&dib=eyJ2IjoiMSJ9.EnhuE1dLcyHQhHfeCGJ0W1slM7iXBH67sat1fLnAPGPeEHdwx1vsc058dIofeHmCRYpNcPpp6izAR0vCik5RxkvL2hBJU93sGZff5jQsinB_069iUE6Yb6kqdpJ6jLo5Z4BsP5R47yC5MvP3sskvCTfUd_Mq0rWJYKK5M_e6CdUvSRr3q_Yj8aRHgdXHtpawVdNfqempZiWPDstc_1PNO0tcyZL1ToY_EezObRQ3D3cUG_w-DIKFF2Toba7GKwTlryCjjl5YuxOjuSvhiPcMGQUxIUba4dNlUtIFQZyxatc.RjIanqdzXPQoVnTk6QD62dKiCXdJUgSqR5j9G-WnaNY&dib_tag=se&keywords=bags&qid=1776064925&sprefix=b%2Caps%2C915&sr=8-31
Reli. 55-60 Gallon Trash Bags Heavy Duty | 150 Count | 50-60 Gallon | Large Black Garbage Bags | Made in USA,"13,948
.46",https://www.amazon.com/Reli-Density-Garbage-Contractor-Capacity/dp/B07C4BMSH4/ref=sr_1_32?crid=IALJED1336M8&dib=eyJ2IjoiMSJ9.EnhuE1dLcyHQhHfeCGJ0W1slM7iXBH67sat1fLnAPGPeEHdwx1vsc058dIofeHmCRYpNcPpp6izAR0vCik5RxkvL2hBJU93sGZff5jQsinB_069iUE6Yb6kqdpJ6jLo5Z4BsP5R47yC5MvP3sskvCTfUd_Mq0rWJYKK5M_e6CdUvSRr3q_Yj8aRHgdXHtpawVdNfqempZiWPDstc_1PNO0tcyZL1ToY_EezObRQ3D3cUG_w-DIKFF2Toba7GKwTlryCjjl5YuxOjuSvhiPcMGQUxIUba4dNlUtIFQZyxatc.RjIanqdzXPQoVnTk6QD62dKiCXdJUgSqR5j9G-WnaNY&dib_tag=se&keywords=bags&qid=1776064925&sprefix=b%2Caps%2C915&sr=8-32
"BAGSMART Tote Bag for Women Work, Puffy Travel Tote Handbag Gift for Teacher & Nurse | Medium-13"" laptop, w/ 30oz cup holder, Large-15.6"" laptop, w/ 40oz cup holder, For campus, work, travel, everyday","6,972
.83",https://www.amazon.com/BAGSMART-Women-Travel-Handbag-Teacher/dp/B0GF8J36LW/ref=sr_1_33?crid=IALJED1336M8&dib=eyJ2IjoiMSJ9.EnhuE1dLcyHQhHfeCGJ0W1slM7iXBH67sat1fLnAPGPeEHdwx1vsc058dIofeHmCRYpNcPpp6izAR0vCik5RxkvL2hBJU93sGZff5jQsinB_069iUE6Yb6kqdpJ6jLo5Z4BsP5R47yC5MvP3sskvCTfUd_Mq0rWJYKK5M_e6CdUvSRr3q_Yj8aRHgdXHtpawVdNfqempZiWPDstc_1PNO0tcyZL1ToY_EezObRQ3D3cUG_w-DIKFF2Toba7GKwTlryCjjl5YuxOjuSvhiPcMGQUxIUba4dNlUtIFQZyxatc.RjIanqdzXPQoVnTk6QD62dKiCXdJUgSqR5j9G-WnaNY&dib_tag=se&keywords=bags&qid=1776064925&sprefix=b%2Caps%2C915&sr=8-33
"Amazon Basics Reclosable Freezer Gallon Bags, BPA Free, 90 Count (Previously Solimo)","3,429
.22",https://www.amazon.com/Amazon-Basics-Freezer-Gallon-Count/dp/B093WPZF1Y/ref=sr_1_34?crid=IALJED1336M8&dib=eyJ2IjoiMSJ9.EnhuE1dLcyHQhHfeCGJ0W1slM7iXBH67sat1fLnAPGPeEHdwx1vsc058dIofeHmCRYpNcPpp6izAR0vCik5RxkvL2hBJU93sGZff5jQsinB_069iUE6Yb6kqdpJ6jLo5Z4BsP5R47yC5MvP3sskvCTfUd_Mq0rWJYKK5M_e6CdUvSRr3q_Yj8aRHgdXHtpawVdNfqempZiWPDstc_1PNO0tcyZL1ToY_EezObRQ3D3cUG_w-DIKFF2Toba7GKwTlryCjjl5YuxOjuSvhiPcMGQUxIUba4dNlUtIFQZyxatc.RjIanqdzXPQoVnTk6QD62dKiCXdJUgSqR5j9G-WnaNY&dib_tag=se&keywords=bags&qid=1776064925&sprefix=b%2Caps%2C915&sr=8-34
Concession Essentials Thank You Bags Pack of 300ct White,"4,461
.61",https://www.amazon.com/Concession-Essentials-Thank-Bags-300ct/dp/B093TLNBSG/ref=sr_1_35?crid=IALJED1336M8&dib=eyJ2IjoiMSJ9.EnhuE1dLcyHQhHfeCGJ0W1slM7iXBH67sat1fLnAPGPeEHdwx1vsc058dIofeHmCRYpNcPpp6izAR0vCik5RxkvL2hBJU93sGZff5jQsinB_069iUE6Yb6kqdpJ6jLo5Z4BsP5R47yC5MvP3sskvCTfUd_Mq0rWJYKK5M_e6CdUvSRr3q_Yj8aRHgdXHtpawVdNfqempZiWPDstc_1PNO0tcyZL1ToY_EezObRQ3D3cUG_w-DIKFF2Toba7GKwTlryCjjl5YuxOjuSvhiPcMGQUxIUba4dNlUtIFQZyxatc.RjIanqdzXPQoVnTk6QD62dKiCXdJUgSqR5j9G-WnaNY&dib_tag=se&keywords=bags&qid=1776064925&sprefix=b%2Caps%2C915&sr=8-35
Reli. White Paper Bags | 500 Count | Paper Lunch Bags Ideal for Small Lunches and Crafts | Perfect for Sandwiches and Snacks,"9,623
.57",https://www.amazon.com/Reli-Paper-Lunch-White-Capacity/dp/B08F2WGBKG/ref=sr_1_36?crid=IALJED1336M8&dib=eyJ2IjoiMSJ9.EnhuE1dLcyHQhHfeCGJ0W1slM7iXBH67sat1fLnAPGPeEHdwx1vsc058dIofeHmCRYpNcPpp6izAR0vCik5RxkvL2hBJU93sGZff5jQsinB_069iUE6Yb6kqdpJ6jLo5Z4BsP5R47yC5MvP3sskvCTfUd_Mq0rWJYKK5M_e6CdUvSRr3q_Yj8aRHgdXHtpawVdNfqempZiWPDstc_1PNO0tcyZL1ToY_EezObRQ3D3cUG_w-DIKFF2Toba7GKwTlryCjjl5YuxOjuSvhiPcMGQUxIUba4dNlUtIFQZyxatc.RjIanqdzXPQoVnTk6QD62dKiCXdJUgSqR5j9G-WnaNY&dib_tag=se&keywords=bags&qid=1776064925&sprefix=b%2Caps%2C915&sr=8-36
"Amazon Basics Dog Poop Leak Proof Bags with Dispenser and Leash Clip, Unscented, 13"" x 9"", 600 Count","4,416
.97",https://www.amazon.com/AmazonBasics-Waste-Bags-Dispenser-Leash/dp/B00NABTG60/ref=sr_1_37?crid=IALJED1336M8&dib=eyJ2IjoiMSJ9.EnhuE1dLcyHQhHfeCGJ0W1slM7iXBH67sat1fLnAPGPeEHdwx1vsc058dIofeHmCRYpNcPpp6izAR0vCik5RxkvL2hBJU93sGZff5jQsinB_069iUE6Yb6kqdpJ6jLo5Z4BsP5R47yC5MvP3sskvCTfUd_Mq0rWJYKK5M_e6CdUvSRr3q_Yj8aRHgdXHtpawVdNfqempZiWPDstc_1PNO0tcyZL1ToY_EezObRQ3D3cUG_w-DIKFF2Toba7GKwTlryCjjl5YuxOjuSvhiPcMGQUxIUba4dNlUtIFQZyxatc.RjIanqdzXPQoVnTk6QD62dKiCXdJUgSqR5j9G-WnaNY&dib_tag=se&keywords=bags&qid=1776064925&sprefix=b%2Caps%2C915&sr=8-37
"BAGSMART Cross Body Purse, Mini Crossbody Bags for Women Travel Purse, Puffy Shoulder Handbag Wallet with RFID Blocking Slots, Black-small","5,298
.68",https://www.amazon.com/BAGSMART-Crossbody-Shoulder-Blocking-Black-small/dp/B0F4XLFZP8/ref=sr_1_38?crid=IALJED1336M8&dib=eyJ2IjoiMSJ9.EnhuE1dLcyHQhHfeCGJ0W1slM7iXBH67sat1fLnAPGPeEHdwx1vsc058dIofeHmCRYpNcPpp6izAR0vCik5RxkvL2hBJU93sGZff5jQsinB_069iUE6Yb6kqdpJ6jLo5Z4BsP5R47yC5MvP3sskvCTfUd_Mq0rWJYKK5M_e6CdUvSRr3q_Yj8aRHgdXHtpawVdNfqempZiWPDstc_1PNO0tcyZL1ToY_EezObRQ3D3cUG_w-DIKFF2Toba7GKwTlryCjjl5YuxOjuSvhiPcMGQUxIUba4dNlUtIFQZyxatc.RjIanqdzXPQoVnTk6QD62dKiCXdJUgSqR5j9G-WnaNY&dib_tag=se&keywords=bags&qid=1776064925&sprefix=b%2Caps%2C915&sr=8-38
"Hefty Ultra Strong 13 Gallon Trash Bags, Tall Kitchen Trash Bags 13 Gallon Size, Resist Leaks, Punctures, and Rips, Continuous Odor Control, White, Fabuloso Scent, 80 Bags","3,339
.93",https://www.amazon.com/Hefty-Strong-Kitchen-Fabuloso-Gallon/dp/B097F7XJM1/ref=sr_1_39?crid=IALJED1336M8&dib=eyJ2IjoiMSJ9.EnhuE1dLcyHQhHfeCGJ0W1slM7iXBH67sat1fLnAPGPeEHdwx1vsc058dIofeHmCRYpNcPpp6izAR0vCik5RxkvL2hBJU93sGZff5jQsinB_069iUE6Yb6kqdpJ6jLo5Z4BsP5R47yC5MvP3sskvCTfUd_Mq0rWJYKK5M_e6CdUvSRr3q_Yj8aRHgdXHtpawVdNfqempZiWPDstc_1PNO0tcyZL1ToY_EezObRQ3D3cUG_w-DIKFF2Toba7GKwTlryCjjl5YuxOjuSvhiPcMGQUxIUba4dNlUtIFQZyxatc.RjIanqdzXPQoVnTk6QD62dKiCXdJUgSqR5j9G-WnaNY&dib_tag=se&keywords=bags&qid=1776064925&sprefix=b%2Caps%2C915&sr=8-39
"GONGSHI Vacuum Seal Bags for Clothing Travel & Home Storage, Travel Vacuum Bags with Pump,Space Saver for Blankets, Comforters, Pillows, Clothes,24 Combo with Electric Pump","8,923
.22",https://www.amazon.com/GONGSHI-Clothing-Blankets-Comforters-Combo-EPUMP/dp/B0CQ58G9TD/ref=sr_1_40?crid=IALJED1336M8&dib=eyJ2IjoiMSJ9.EnhuE1dLcyHQhHfeCGJ0W1slM7iXBH67sat1fLnAPGPeEHdwx1vsc058dIofeHmCRYpNcPpp6izAR0vCik5RxkvL2hBJU93sGZff5jQsinB_069iUE6Yb6kqdpJ6jLo5Z4BsP5R47yC5MvP3sskvCTfUd_Mq0rWJYKK5M_e6CdUvSRr3q_Yj8aRHgdXHtpawVdNfqempZiWPDstc_1PNO0tcyZL1ToY_EezObRQ3D3cUG_w-DIKFF2Toba7GKwTlryCjjl5YuxOjuSvhiPcMGQUxIUba4dNlUtIFQZyxatc.RjIanqdzXPQoVnTk6QD62dKiCXdJUgSqR5j9G-WnaNY&dib_tag=se&keywords=bags&qid=1776064925&sprefix=b%2Caps%2C915&sr=8-40
"Funfery 100 pcs Black Mylar Holographic Bags Packaging Bags,Clear Resealable Bag Foil Pouch Bag for Food Storage and Lipgloss,Jewelry,Eyelash Packaging for Small Business(2.4x3.9Inch)","1,755
.07",https://www.amazon.com/Holographic-Packaging-Resealable-Ziplock-Lipgloss/dp/B095WLW6KB/ref=sr_1_41?crid=IALJED1336M8&dib=eyJ2IjoiMSJ9.EnhuE1dLcyHQhHfeCGJ0W1slM7iXBH67sat1fLnAPGPeEHdwx1vsc058dIofeHmCRYpNcPpp6izAR0vCik5RxkvL2hBJU93sGZff5jQsinB_069iUE6Yb6kqdpJ6jLo5Z4BsP5R47yC5MvP3sskvCTfUd_Mq0rWJYKK5M_e6CdUvSRr3q_Yj8aRHgdXHtpawVdNfqempZiWPDstc_1PNO0tcyZL1ToY_EezObRQ3D3cUG_w-DIKFF2Toba7GKwTlryCjjl5YuxOjuSvhiPcMGQUxIUba4dNlUtIFQZyxatc.RjIanqdzXPQoVnTk6QD62dKiCXdJUgSqR5j9G-WnaNY&dib_tag=se&keywords=bags&qid=1776064925&sprefix=b%2Caps%2C915&sr=8-41
"Hefty Ultra Strong 13 Gallon Trash Bags, Tall Kitchen Trash Bags 13 Gallon Size, Drawstring Closure, Continuous Odor Control, White, Lavender and Sweet Vanilla Scent, 110 Bags","4,592
.75",https://www.amazon.com/Hefty-Strong-Kitchen-Gallon-Garbage/dp/B01FSY4YKO/ref=sr_1_42?crid=IALJED1336M8&dib=eyJ2IjoiMSJ9.EnhuE1dLcyHQhHfeCGJ0W1slM7iXBH67sat1fLnAPGPeEHdwx1vsc058dIofeHmCRYpNcPpp6izAR0vCik5RxkvL2hBJU93sGZff5jQsinB_069iUE6Yb6kqdpJ6jLo5Z4BsP5R47yC5MvP3sskvCTfUd_Mq0rWJYKK5M_e6CdUvSRr3q_Yj8aRHgdXHtpawVdNfqempZiWPDstc_1PNO0tcyZL1ToY_EezObRQ3D3cUG_w-DIKFF2Toba7GKwTlryCjjl5YuxOjuSvhiPcMGQUxIUba4dNlUtIFQZyxatc.RjIanqdzXPQoVnTk6QD62dKiCXdJUgSqR5j9G-WnaNY&dib_tag=se&keywords=bags&qid=1776064925&sprefix=b%2Caps%2C915&sr=8-42
"BAGSMRT Corduroy Tote Bag for Women with PU Leather Handles, Casual Shoulder Bag with Zipper Handbag for Travel Work","3,066
.48",https://www.amazon.com/BAGSMART-Corduroy-Shoulder-Lightweight-Everyday/dp/B0GFNF7XP5/ref=sr_1_43?crid=IALJED1336M8&dib=eyJ2IjoiMSJ9.EnhuE1dLcyHQhHfeCGJ0W1slM7iXBH67sat1fLnAPGPeEHdwx1vsc058dIofeHmCRYpNcPpp6izAR0vCik5RxkvL2hBJU93sGZff5jQsinB_069iUE6Yb6kqdpJ6jLo5Z4BsP5R47yC5MvP3sskvCTfUd_Mq0rWJYKK5M_e6CdUvSRr3q_Yj8aRHgdXHtpawVdNfqempZiWPDstc_1PNO0tcyZL1ToY_EezObRQ3D3cUG_w-DIKFF2Toba7GKwTlryCjjl5YuxOjuSvhiPcMGQUxIUba4dNlUtIFQZyxatc.RjIanqdzXPQoVnTk6QD62dKiCXdJUgSqR5j9G-WnaNY&dib_tag=se&keywords=bags&qid=1776064925&sprefix=b%2Caps%2C915&sr=8-43
"Taygeer Travel Backpack for Women, Carry On Backpack with Water Bottle Pocket & Shoe Pouch, TSA 15.6inch Laptop Mochila Flight Approved, Nurse Bag Casual Daypack for Weekender Business Hiking, Pink","10,315
.55",https://www.amazon.com/Backpack-Women%EF%BC%8CCarry-Approved-15-6inch-Weekender/dp/B09MQWWP87/ref=sr_1_44?crid=IALJED1336M8&dib=eyJ2IjoiMSJ9.EnhuE1dLcyHQhHfeCGJ0W1slM7iXBH67sat1fLnAPGPeEHdwx1vsc058dIofeHmCRYpNcPpp6izAR0vCik5RxkvL2hBJU93sGZff5jQsinB_069iUE6Yb6kqdpJ6jLo5Z4BsP5R47yC5MvP3sskvCTfUd_Mq0rWJYKK5M_e6CdUvSRr3q_Yj8aRHgdXHtpawVdNfqempZiWPDstc_1PNO0tcyZL1ToY_EezObRQ3D3cUG_w-DIKFF2Toba7GKwTlryCjjl5YuxOjuSvhiPcMGQUxIUba4dNlUtIFQZyxatc.RjIanqdzXPQoVnTk6QD62dKiCXdJUgSqR5j9G-WnaNY&dib_tag=se&keywords=bags&qid=1776064925&sprefix=b%2Caps%2C915&sr=8-44
"BAGSMART Tote Bag for Women, Lightweight Puffy Tote Bag with Compartments Shoulder Bag Handbag for Travel, Work, Gym | Lightweight, Puffy, Quilted, for Travel, Work","9,205
.03",https://www.amazon.com/BAGSMART-Lightweight-Compartments-Shoulder-Handbag/dp/B0D3L6XCLG/ref=sr_1_45?crid=IALJED1336M8&dib=eyJ2IjoiMSJ9.EnhuE1dLcyHQhHfeCGJ0W1slM7iXBH67sat1fLnAPGPeEHdwx1vsc058dIofeHmCRYpNcPpp6izAR0vCik5RxkvL2hBJU93sGZff5jQsinB_069iUE6Yb6kqdpJ6jLo5Z4BsP5R47yC5MvP3sskvCTfUd_Mq0rWJYKK5M_e6CdUvSRr3q_Yj8aRHgdXHtpawVdNfqempZiWPDstc_1PNO0tcyZL1ToY_EezObRQ3D3cUG_w-DIKFF2Toba7GKwTlryCjjl5YuxOjuSvhiPcMGQUxIUba4dNlUtIFQZyxatc.RjIanqdzXPQoVnTk6QD62dKiCXdJUgSqR5j9G-WnaNY&dib_tag=se&keywords=bags&qid=1776064925&sprefix=b%2Caps%2C915&sr=8-45
"Hefty Ultra Strong Trash Bags, Black Tall Kitchen Trash Bags 13 Gallon Size, Break Resistant Drawstring Enclosure, Continuous Odor Control, Blackout, Clean Burst Scent, 80 Bags","5,128
.48",https://www.amazon.com/Hefty-Ultra-Strong-Kitchen-Drawstring/dp/B01BZ0MR54/ref=sr_1_46?crid=IALJED1336M8&dib=eyJ2IjoiMSJ9.EnhuE1dLcyHQhHfeCGJ0W1slM7iXBH67sat1fLnAPGPeEHdwx1vsc058dIofeHmCRYpNcPpp6izAR0vCik5RxkvL2hBJU93sGZff5jQsinB_069iUE6Yb6kqdpJ6jLo5Z4BsP5R47yC5MvP3sskvCTfUd_Mq0rWJYKK5M_e6CdUvSRr3q_Yj8aRHgdXHtpawVdNfqempZiWPDstc_1PNO0tcyZL1ToY_EezObRQ3D3cUG_w-DIKFF2Toba7GKwTlryCjjl5YuxOjuSvhiPcMGQUxIUba4dNlUtIFQZyxatc.RjIanqdzXPQoVnTk6QD62dKiCXdJUgSqR5j9G-WnaNY&dib_tag=se&keywords=bags&qid=1776064925&sprefix=b%2Caps%2C915&sr=8-46
"Hefty Small Trash Bags, Fabuloso Scent, 4 Gallon, 52 Count","2,313
.12",https://www.amazon.com/Hefty-Small-Trash-Fabuloso-Gallon/dp/B0C3WTYZ3G/ref=sr_1_47?crid=IALJED1336M8&dib=eyJ2IjoiMSJ9.EnhuE1dLcyHQhHfeCGJ0W1slM7iXBH67sat1fLnAPGPeEHdwx1vsc058dIofeHmCRYpNcPpp6izAR0vCik5RxkvL2hBJU93sGZff5jQsinB_069iUE6Yb6kqdpJ6jLo5Z4BsP5R47yC5MvP3sskvCTfUd_Mq0rWJYKK5M_e6CdUvSRr3q_Yj8aRHgdXHtpawVdNfqempZiWPDstc_1PNO0tcyZL1ToY_EezObRQ3D3cUG_w-DIKFF2Toba7GKwTlryCjjl5YuxOjuSvhiPcMGQUxIUba4dNlUtIFQZyxatc.RjIanqdzXPQoVnTk6QD62dKiCXdJUgSqR5j9G-WnaNY&dib_tag=se&keywords=bags&qid=1776064925&sprefix=b%2Caps%2C915&sr=8-47
"Glad ForceFlex Tall Kitchen Trash Bags, 13 Gal, Gain Original with Febreze, 110 Ct (Pack May Vary)","5,572
.13",https://www.amazon.com/Glad-ForceFlex-Kitchen-Drawstring-Package/dp/B07YD3G991/ref=sr_1_48?crid=IALJED1336M8&dib=eyJ2IjoiMSJ9.EnhuE1dLcyHQhHfeCGJ0W1slM7iXBH67sat1fLnAPGPeEHdwx1vsc058dIofeHmCRYpNcPpp6izAR0vCik5RxkvL2hBJU93sGZff5jQsinB_069iUE6Yb6kqdpJ6jLo5Z4BsP5R47yC5MvP3sskvCTfUd_Mq0rWJYKK5M_e6CdUvSRr3q_Yj8aRHgdXHtpawVdNfqempZiWPDstc_1PNO0tcyZL1ToY_EezObRQ3D3cUG_w-DIKFF2Toba7GKwTlryCjjl5YuxOjuSvhiPcMGQUxIUba4dNlUtIFQZyxatc.RjIanqdzXPQoVnTk6QD62dKiCXdJUgSqR5j9G-WnaNY&dib_tag=se&keywords=bags&qid=1776064925&sprefix=b%2Caps%2C915&sr=8-48
Reli. Brown Paper Bags | 500 Count | Paper Lunch Bags Ideal for Small Lunches and Crafts | Perfect for Sandwiches and Snacks,"7,251
.86",https://www.amazon.com/Reli-Paper-Lunch-Bags-500/dp/B095VLSDRL/ref=sr_1_49?crid=IALJED1336M8&dib=eyJ2IjoiMSJ9.EnhuE1dLcyHQhHfeCGJ0W1slM7iXBH67sat1fLnAPGPeEHdwx1vsc058dIofeHmCRYpNcPpp6izAR0vCik5RxkvL2hBJU93sGZff5jQsinB_069iUE6Yb6kqdpJ6jLo5Z4BsP5R47yC5MvP3sskvCTfUd_Mq0rWJYKK5M_e6CdUvSRr3q_Yj8aRHgdXHtpawVdNfqempZiWPDstc_1PNO0tcyZL1ToY_EezObRQ3D3cUG_w-DIKFF2Toba7GKwTlryCjjl5YuxOjuSvhiPcMGQUxIUba4dNlUtIFQZyxatc.RjIanqdzXPQoVnTk6QD62dKiCXdJUgSqR5j9G-WnaNY&dib_tag=se&keywords=bags&qid=1776064925&sprefix=b%2Caps%2C915&sr=8-49
"120 Counts 1.6 Gallon Mini Drawstring Trash Bags, Small Garbage Bags by KSSKSS, Code a fit 4.5-8 Liter, 1.2-2 Gal, White Trash Bin Liners for Home Office Kitchen Bathroom Bedroom","3,599
.42",https://www.amazon.com/Drawstring-Garbage-KSSKSS-Kitchen-Bathroom/dp/B0D37DCKXD/ref=sr_1_50?crid=IALJED1336M8&dib=eyJ2IjoiMSJ9.EnhuE1dLcyHQhHfeCGJ0W1slM7iXBH67sat1fLnAPGPeEHdwx1vsc058dIofeHmCRYpNcPpp6izAR0vCik5RxkvL2hBJU93sGZff5jQsinB_069iUE6Yb6kqdpJ6jLo5Z4BsP5R47yC5MvP3sskvCTfUd_Mq0rWJYKK5M_e6CdUvSRr3q_Yj8aRHgdXHtpawVdNfqempZiWPDstc_1PNO0tcyZL1ToY_EezObRQ3D3cUG_w-DIKFF2Toba7GKwTlryCjjl5YuxOjuSvhiPcMGQUxIUba4dNlUtIFQZyxatc.RjIanqdzXPQoVnTk6QD62dKiCXdJUgSqR5j9G-WnaNY&dib_tag=se&keywords=bags&qid=1776064925&sprefix=b%2Caps%2C915&sr=8-50
"Glad ForceFlex Tall Kitchen Drawstring Trash Bags, 13 Gal, Fragrance Free, 110 Ct (Package May Vary)","5,708
.85",https://www.amazon.com/Glad-ForceFlex-Drawstring-Fragrance-Gallon/dp/B0CK9RZGDX/ref=sr_1_51?crid=IALJED1336M8&dib=eyJ2IjoiMSJ9.EnhuE1dLcyHQhHfeCGJ0W1slM7iXBH67sat1fLnAPGPeEHdwx1vsc058dIofeHmCRYpNcPpp6izAR0vCik5RxkvL2hBJU93sGZff5jQsinB_069iUE6Yb6kqdpJ6jLo5Z4BsP5R47yC5MvP3sskvCTfUd_Mq0rWJYKK5M_e6CdUvSRr3q_Yj8aRHgdXHtpawVdNfqempZiWPDstc_1PNO0tcyZL1ToY_EezObRQ3D3cUG_w-DIKFF2Toba7GKwTlryCjjl5YuxOjuSvhiPcMGQUxIUba4dNlUtIFQZyxatc.RjIanqdzXPQoVnTk6QD62dKiCXdJUgSqR5j9G-WnaNY&dib_tag=se&keywords=bags&qid=1776064925&sprefix=b%2Caps%2C915&sr=8-51
"Purple Q Crafts Thank You Bags for Business 50 Pack 15"" W x 12"" H Floral Plastic Shopping Bags With Soft Loop Handle Thank You Shopping Bag","5,298
.68",https://www.amazon.com/Floral-Thank-Plastic-Handle-Shopping/dp/B07ZHLM8GF/ref=sr_1_52?crid=IALJED1336M8&dib=eyJ2IjoiMSJ9.EnhuE1dLcyHQhHfeCGJ0W1slM7iXBH67sat1fLnAPGPeEHdwx1vsc058dIofeHmCRYpNcPpp6izAR0vCik5RxkvL2hBJU93sGZff5jQsinB_069iUE6Yb6kqdpJ6jLo5Z4BsP5R47yC5MvP3sskvCTfUd_Mq0rWJYKK5M_e6CdUvSRr3q_Yj8aRHgdXHtpawVdNfqempZiWPDstc_1PNO0tcyZL1ToY_EezObRQ3D3cUG_w-DIKFF2Toba7GKwTlryCjjl5YuxOjuSvhiPcMGQUxIUba4dNlUtIFQZyxatc.RjIanqdzXPQoVnTk6QD62dKiCXdJUgSqR5j9G-WnaNY&dib_tag=se&keywords=bags&qid=1776064925&sprefix=b%2Caps%2C915&sr=8-52
"Duro 4# White Paper Bags 500-Count, White Sandwich Paper Bags, Candy, Snacks, Treats, Popcorn Bags & Bulk Disposable Lunch Sacks - 5.00 x3.12 x 9.75 Inches","7,798
.75",https://www.amazon.com/500-Count-Popcorn-Snacks-Treats-Disposable/dp/B005P3GVXW/ref=sr_1_53?crid=IALJED1336M8&dib=eyJ2IjoiMSJ9.EnhuE1dLcyHQhHfeCGJ0W1slM7iXBH67sat1fLnAPGPeEHdwx1vsc058dIofeHmCRYpNcPpp6izAR0vCik5RxkvL2hBJU93sGZff5jQsinB_069iUE6Yb6kqdpJ6jLo5Z4BsP5R47yC5MvP3sskvCTfUd_Mq0rWJYKK5M_e6CdUvSRr3q_Yj8aRHgdXHtpawVdNfqempZiWPDstc_1PNO0tcyZL1ToY_EezObRQ3D3cUG_w-DIKFF2Toba7GKwTlryCjjl5YuxOjuSvhiPcMGQUxIUba4dNlUtIFQZyxatc.RjIanqdzXPQoVnTk6QD62dKiCXdJUgSqR5j9G-WnaNY&dib_tag=se&keywords=bags&qid=1776064925&sprefix=b%2Caps%2C915&sr=8-53
"Hefty Strong Large Trash Bags, Black, 30 Gallon, 74 Count","5,401
.92",https://www.amazon.com/Hefty-Strong-Large-Gallon-Trash/dp/B01BZ0N69U/ref=sr_1_54?crid=IALJED1336M8&dib=eyJ2IjoiMSJ9.EnhuE1dLcyHQhHfeCGJ0W1slM7iXBH67sat1fLnAPGPeEHdwx1vsc058dIofeHmCRYpNcPpp6izAR0vCik5RxkvL2hBJU93sGZff5jQsinB_069iUE6Yb6kqdpJ6jLo5Z4BsP5R47yC5MvP3sskvCTfUd_Mq0rWJYKK5M_e6CdUvSRr3q_Yj8aRHgdXHtpawVdNfqempZiWPDstc_1PNO0tcyZL1ToY_EezObRQ3D3cUG_w-DIKFF2Toba7GKwTlryCjjl5YuxOjuSvhiPcMGQUxIUba4dNlUtIFQZyxatc.RjIanqdzXPQoVnTk6QD62dKiCXdJUgSqR5j9G-WnaNY&dib_tag=se&keywords=bags&qid=1776064925&sprefix=b%2Caps%2C915&sr=8-54
"2 Gallon Slider Storage Bags- 80 Count, Featuring Expandable Bottom, Zero BPA, Microwave-Safe(4 boxes of 20)","6,972
.83",https://www.amazon.com/24-Bags-Storage-Gallons-Expandable/dp/B08ND6VHFW/ref=sr_1_55?crid=IALJED1336M8&dib=eyJ2IjoiMSJ9.EnhuE1dLcyHQhHfeCGJ0W1slM7iXBH67sat1fLnAPGPeEHdwx1vsc058dIofeHmCRYpNcPpp6izAR0vCik5RxkvL2hBJU93sGZff5jQsinB_069iUE6Yb6kqdpJ6jLo5Z4BsP5R47yC5MvP3sskvCTfUd_Mq0rWJYKK5M_e6CdUvSRr3q_Yj8aRHgdXHtpawVdNfqempZiWPDstc_1PNO0tcyZL1ToY_EezObRQ3D3cUG_w-DIKFF2Toba7GKwTlryCjjl5YuxOjuSvhiPcMGQUxIUba4dNlUtIFQZyxatc.RjIanqdzXPQoVnTk6QD62dKiCXdJUgSqR5j9G-WnaNY&dib_tag=se&keywords=bags&qid=1776064925&sprefix=b%2Caps%2C915&sr=8-55
"Ziploc Quart Food Storage Slider Bags, Power Shield Technology for More Durability, 42 Count","1,531
.85",https://www.amazon.com/Ziploc-Slider-Storage-Bags-Quart/dp/B00J2LD2KS/ref=sr_1_56?crid=IALJED1336M8&dib=eyJ2IjoiMSJ9.EnhuE1dLcyHQhHfeCGJ0W1slM7iXBH67sat1fLnAPGPeEHdwx1vsc058dIofeHmCRYpNcPpp6izAR0vCik5RxkvL2hBJU93sGZff5jQsinB_069iUE6Yb6kqdpJ6jLo5Z4BsP5R47yC5MvP3sskvCTfUd_Mq0rWJYKK5M_e6CdUvSRr3q_Yj8aRHgdXHtpawVdNfqempZiWPDstc_1PNO0tcyZL1ToY_EezObRQ3D3cUG_w-DIKFF2Toba7GKwTlryCjjl5YuxOjuSvhiPcMGQUxIUba4dNlUtIFQZyxatc.RjIanqdzXPQoVnTk6QD62dKiCXdJUgSqR5j9G-WnaNY&dib_tag=se&keywords=bags&qid=1776064925&sprefix=b%2Caps%2C915&sr=8-56
Reli. 6-10 Gallon Trash Bags | 1000 Bags | Clear | Bathroom | Strong | Garbage,"11,074
.50",https://www.amazon.com/Reli-Trash-Gallon-Wholesale-Count/dp/B07DY39YXJ/ref=sr_1_57?crid=IALJED1336M8&dib=eyJ2IjoiMSJ9.EnhuE1dLcyHQhHfeCGJ0W1slM7iXBH67sat1fLnAPGPeEHdwx1vsc058dIofeHmCRYpNcPpp6izAR0vCik5RxkvL2hBJU93sGZff5jQsinB_069iUE6Yb6kqdpJ6jLo5Z4BsP5R47yC5MvP3sskvCTfUd_Mq0rWJYKK5M_e6CdUvSRr3q_Yj8aRHgdXHtpawVdNfqempZiWPDstc_1PNO0tcyZL1ToY_EezObRQ3D3cUG_w-DIKFF2Toba7GKwTlryCjjl5YuxOjuSvhiPcMGQUxIUba4dNlUtIFQZyxatc.RjIanqdzXPQoVnTk6QD62dKiCXdJUgSqR5j9G-WnaNY&dib_tag=se&keywords=bags&qid=1776064925&sprefix=b%2Caps%2C915&sr=8-57
KALIDI Women Corduroy Tote Bag Zipper Casual Tote's Handbag Big Capacity Shoulder Bag with Pockets,"3,342
.72",https://www.amazon.com/KALIDI-Corduroy-Handbag-Capacity-Shoulder/dp/B09P4V72F8/ref=sr_1_58?crid=IALJED1336M8&dib=eyJ2IjoiMSJ9.EnhuE1dLcyHQhHfeCGJ0W1slM7iXBH67sat1fLnAPGPeEHdwx1vsc058dIofeHmCRYpNcPpp6izAR0vCik5RxkvL2hBJU93sGZff5jQsinB_069iUE6Yb6kqdpJ6jLo5Z4BsP5R47yC5MvP3sskvCTfUd_Mq0rWJYKK5M_e6CdUvSRr3q_Yj8aRHgdXHtpawVdNfqempZiWPDstc_1PNO0tcyZL1ToY_EezObRQ3D3cUG_w-DIKFF2Toba7GKwTlryCjjl5YuxOjuSvhiPcMGQUxIUba4dNlUtIFQZyxatc.RjIanqdzXPQoVnTk6QD62dKiCXdJUgSqR5j9G-WnaNY&dib_tag=se&keywords=bags&qid=1776064925&sprefix=b%2Caps%2C915&sr=8-58
"Glad Medium Trash Bags, 8 Gallon, Febreze Fresh Clean Garbage Bags, With Odor Control and Drawstring, 80 Count","4,154
.68",https://www.amazon.com/Glad-Medium-Kitchen-Drawstring-Package/dp/B087D8MN6T/ref=sr_1_59?crid=IALJED1336M8&dib=eyJ2IjoiMSJ9.EnhuE1dLcyHQhHfeCGJ0W1slM7iXBH67sat1fLnAPGPeEHdwx1vsc058dIofeHmCRYpNcPpp6izAR0vCik5RxkvL2hBJU93sGZff5jQsinB_069iUE6Yb6kqdpJ6jLo5Z4BsP5R47yC5MvP3sskvCTfUd_Mq0rWJYKK5M_e6CdUvSRr3q_Yj8aRHgdXHtpawVdNfqempZiWPDstc_1PNO0tcyZL1ToY_EezObRQ3D3cUG_w-DIKFF2Toba7GKwTlryCjjl5YuxOjuSvhiPcMGQUxIUba4dNlUtIFQZyxatc.RjIanqdzXPQoVnTk6QD62dKiCXdJUgSqR5j9G-WnaNY&dib_tag=se&keywords=bags&qid=1776064925&sprefix=b%2Caps%2C915&sr=8-59
Plasticplace Custom Fit Trash Bags Compatible w Simplehuman Code H Drawstring Bags 8-9 Gallon Tear-Resistant Liner 200 Count Heavy-Duty Waste Disposal,"10,848
.49",https://www.amazon.com/Plasticplace-Trash-Bags-Code-Tear-Resistant/dp/B079X4TV2L/ref=sr_1_60?crid=IALJED1336M8&dib=eyJ2IjoiMSJ9.EnhuE1dLcyHQhHfeCGJ0W1slM7iXBH67sat1fLnAPGPeEHdwx1vsc058dIofeHmCRYpNcPpp6izAR0vCik5RxkvL2hBJU93sGZff5jQsinB_069iUE6Yb6kqdpJ6jLo5Z4BsP5R47yC5MvP3sskvCTfUd_Mq0rWJYKK5M_e6CdUvSRr3q_Yj8aRHgdXHtpawVdNfqempZiWPDstc_1PNO0tcyZL1ToY_EezObRQ3D3cUG_w-DIKFF2Toba7GKwTlryCjjl5YuxOjuSvhiPcMGQUxIUba4dNlUtIFQZyxatc.RjIanqdzXPQoVnTk6QD62dKiCXdJUgSqR5j9G-WnaNY&dib_tag=se&keywords=bags&qid=1776064925&sprefix=b%2Caps%2C915&sr=8-60
